{
    "zeros": [
        [
            0.0,
            0.0,
            0.0,
            0.0
        ],
        [
            0.0,
            0.0,
            0.0,
            0.0
        ],
        [
            0.0,
            0.0,
            0.0,
            0.0
        ]
    ],
    "ones": [
        [
            1.0,
            1.0,
            1.0,
            1.0
        ],
        [
            1.0,
            1.0,
            1.0,
            1.0
        ],
        [
            1.0,
            1.0,
            1.0,
            1.0
        ]
    ],
    "empty": [
        [
            6.230420704259778e-307,
            3.5604305343968105e-307,
            1.379616413496319e-306,
            1.780217983591323e-306
        ],
        [
            7.565964121322315e-307,
            2.2251825065982135e-306,
            1.3351196894724102e-306,
            8.456095515860544e-307
        ],
        [
            1.1126041552614635e-306,
            6.230597256278253e-307,
            1.2016084675443586e-306,
            7.565964109510331e-307
        ]
    ],
    "arr1": [
        [
            1,
            2,
            3,
            4
        ],
        [
            5,
            6,
            7,
            8
        ],
        [
            9,
            10,
            11,
            12
        ]
    ],
    "arr2": [
        [
            13,
            14,
            15,
            16
        ],
        [
            17,
            18,
            19,
            20
        ],
        [
            21,
            22,
            23,
            24
        ]
    ],
    "sum_arr1": 78,
    "sum_arr1_axis0": [
        15,
        18,
        21,
        24
    ],
    "sum_arr1_axis1": [
        10,
        26,
        42
    ],
    "sum_arr2_axis0": [
        51,
        54,
        57,
        60
    ],
    "sum_arr2_axis1": [
        58,
        74,
        90
    ],
    "min_arr1": 1,
    "min_arr2": 13,
    "max_arr1": 12,
    "max_arr2": 24,
    "min_arr1_axis0": [
        1,
        2,
        3,
        4
    ],
    "min_arr1_axis1": [
        1,
        5,
        9
    ],
    "min_arr2_axis0": [
        13,
        14,
        15,
        16
    ],
    "min_arr2_axis1": [
        13,
        17,
        21
    ],
    "max_arr1_axis0": [
        9,
        10,
        11,
        12
    ],
    "max_arr1_axis1": [
        4,
        8,
        12
    ],
    "max_arr2_axis0": [
        21,
        22,
        23,
        24
    ],
    "max_arr2_axis1": [
        16,
        20,
        24
    ]
}