{
    "zeros": [
        [
            0.0,
            0.0,
            0.0,
            0.0
        ],
        [
            0.0,
            0.0,
            0.0,
            0.0
        ],
        [
            0.0,
            0.0,
            0.0,
            0.0
        ]
    ],
    "ones": [
        [
            1.0,
            1.0,
            1.0,
            1.0
        ],
        [
            1.0,
            1.0,
            1.0,
            1.0
        ],
        [
            1.0,
            1.0,
            1.0,
            1.0
        ]
    ],
    "empty": [
        [
            4.450576366899111e-308,
            1.780215268203449e-306,
            8.455497965990345e-307,
            1.379620487666066e-306
        ],
        [
            1.112606191527798e-306,
            1.7801025473518564e-306,
            9.790542280265766e-307,
            4.450576367158164e-308
        ],
        [
            8.455966502971852e-307,
            9.34602320688471e-307,
            4.94e-322,
            7.565964120804074e-307
        ]
    ],
    "arr1": [
        [
            1,
            2,
            3,
            4
        ],
        [
            5,
            6,
            7,
            8
        ],
        [
            9,
            10,
            11,
            12
        ]
    ],
    "arr2": [
        [
            13,
            14,
            15,
            16
        ],
        [
            17,
            18,
            19,
            20
        ],
        [
            21,
            22,
            23,
            24
        ]
    ],
    "sum_arr1": 78,
    "sum_arr2": 222,
    "sum_arr1_axis0": [
        15,
        18,
        21,
        24
    ],
    "sum_arr1_axis1": [
        10,
        26,
        42
    ],
    "sum_arr2_axis0": [
        51,
        54,
        57,
        60
    ],
    "sum_arr2_axis1": [
        58,
        74,
        90
    ],
    "min_arr1": 1,
    "min_arr2": 13,
    "max_arr1": 12,
    "max_arr2": 24,
    "min_arr1_axis0": [
        1,
        2,
        3,
        4
    ],
    "min_arr1_axis1": [
        1,
        5,
        9
    ],
    "min_arr2_axis0": [
        13,
        14,
        15,
        16
    ],
    "min_arr2_axis1": [
        13,
        17,
        21
    ],
    "max_arr1_axis0": [
        9,
        10,
        11,
        12
    ],
    "max_arr1_axis1": [
        4,
        8,
        12
    ],
    "max_arr2_axis0": [
        21,
        22,
        23,
        24
    ],
    "max_arr2_axis1": [
        16,
        20,
        24
    ]
}